<?xml version="1.0" encoding="UTF-8"?>
<project-private xmlns="http://www.netbeans.org/ns/project-private/1">
    <editor-bookmarks xmlns="http://www.netbeans.org/ns/editor-bookmarks/2" lastBookmarkId="0"/>
    <open-files xmlns="http://www.netbeans.org/ns/projectui-open-files/2">
        <group>
            <file>file:/C:/Users/alex/Documents/NetBeansProjects/SistemaMemorial/src/sistemamemorial/Controlador.java</file>
            <file>file:/C:/Users/alex/Documents/NetBeansProjects/SistemaMemorial/src/sistemamemorial/SistemaMemorial.java</file>
            <file>file:/C:/Users/alex/Documents/NetBeansProjects/SistemaMemorial/src/sistemamemorial/Usuario.java</file>
            <file>file:/C:/Users/alex/Documents/NetBeansProjects/SistemaMemorial/src/sistemamemorial/CatalogoDocumento.java</file>
            <file>file:/C:/Users/alex/Documents/NetBeansProjects/SistemaMemorial/src/sistemamemorial/ControladorUsuario.java</file>
            <file>file:/C:/Users/alex/Documents/NetBeansProjects/SistemaMemorial/src/sistemamemorial/ControladorDocumento.java</file>
            <file>file:/C:/Users/alex/Documents/NetBeansProjects/SistemaMemorial/src/sistemamemorial/CatalogoUsuario.java</file>
            <file>file:/C:/Users/alex/Documents/NetBeansProjects/SistemaMemorial/src/sistemamemorial/Memorial.java</file>
        </group>
    </open-files>
</project-private>
